{
  "test_type": "label_shuffle",
  "shuffled_accuracy": 0.5044331828505543,
  "shuffled_macro_f1": 0.13731542329712246,
  "expected_random": 0.16666666666666666,
  "n_classes": 6,
  "interpretation": "Low accuracy confirms no hidden leakage"
}