{
  "setup": "PATTERN_ONLY",
  "n_samples": 3443,
  "n_features": 16,
  "features_used": [
    "valid_px",
    "zero_frac",
    "chg_h",
    "chg_v",
    "chg_d1",
    "chg_d2",
    "grad_mean",
    "grad_std",
    "lap_mad",
    "phase_std",
    "freq_hz.1",
    "hv_ratio",
    "diag_ratio",
    "nodal_complexity",
    "grad_cv",
    "lapz"
  ],
  "classes": [
    "mode_(1,1)H",
    "mode_(1,1)T",
    "mode_(1,2)",
    "mode_(2,1)",
    "mode_higher",
    "other_unknown"
  ],
  "accuracy": 0.9015393552134766,
  "macro_f1": 0.699138796067328,
  "weighted_f1": 0.885266614158512,
  "classification_report": {
    "mode_(1,1)H": {
      "precision": 0.953125,
      "recall": 0.3065326633165829,
      "f1-score": 0.46387832699619774,
      "support": 199.0
    },
    "mode_(1,1)T": {
      "precision": 0.8732394366197183,
      "recall": 0.36257309941520466,
      "f1-score": 0.512396694214876,
      "support": 171.0
    },
    "mode_(1,2)": {
      "precision": 0.696078431372549,
      "recall": 0.6698113207547169,
      "f1-score": 0.6826923076923077,
      "support": 106.0
    },
    "mode_(2,1)": {
      "precision": 1.0,
      "recall": 0.4482758620689655,
      "f1-score": 0.6190476190476191,
      "support": 58.0
    },
    "mode_higher": {
      "precision": 1.0,
      "recall": 1.0,
      "f1-score": 1.0,
      "support": 1115.0
    },
    "other_unknown": {
      "precision": 0.8566585956416465,
      "recall": 0.9860646599777034,
      "f1-score": 0.9168178284529671,
      "support": 1794.0
    },
    "accuracy": 0.9015393552134766,
    "macro avg": {
      "precision": 0.8965169106056523,
      "recall": 0.6288762675888623,
      "f1-score": 0.699138796067328,
      "support": 3443.0
    },
    "weighted avg": {
      "precision": 0.9069490714401904,
      "recall": 0.9015393552134766,
      "f1-score": 0.885266614158512,
      "support": 3443.0
    }
  },
  "confusion_matrix": {
    "labels": [
      "mode_(1,1)H",
      "mode_(1,1)T",
      "mode_(1,2)",
      "mode_(2,1)",
      "mode_higher",
      "other_unknown"
    ],
    "raw": [
      [
        61,
        0,
        0,
        0,
        0,
        138
      ],
      [
        0,
        62,
        0,
        0,
        0,
        109
      ],
      [
        0,
        0,
        71,
        0,
        0,
        35
      ],
      [
        0,
        0,
        18,
        26,
        0,
        14
      ],
      [
        0,
        0,
        0,
        0,
        1115,
        0
      ],
      [
        3,
        9,
        13,
        0,
        0,
        1769
      ]
    ],
    "normalized_true": [
      [
        0.3065326633165829,
        0.0,
        0.0,
        0.0,
        0.0,
        0.6934673366834171
      ],
      [
        0.0,
        0.36257309941520466,
        0.0,
        0.0,
        0.0,
        0.6374269005847953
      ],
      [
        0.0,
        0.0,
        0.6698113207547169,
        0.0,
        0.0,
        0.330188679245283
      ],
      [
        0.0,
        0.0,
        0.3103448275862069,
        0.4482758620689655,
        0.0,
        0.2413793103448276
      ],
      [
        0.0,
        0.0,
        0.0,
        0.0,
        1.0,
        0.0
      ],
      [
        0.0016722408026755853,
        0.005016722408026756,
        0.007246376811594203,
        0.0,
        0.0,
        0.9860646599777034
      ]
    ]
  },
  "feature_importances": {
    "freq_hz.1": 0.559817468106394,
    "diag_ratio": 0.046598896793295645,
    "valid_px": 0.03551914522632803,
    "lapz": 0.031965650416915715,
    "grad_cv": 0.031365332236814925,
    "lap_mad": 0.03118580515187855,
    "chg_v": 0.029356547669103405,
    "hv_ratio": 0.02922031674119318,
    "chg_d1": 0.028153546550367562,
    "grad_mean": 0.028068628218856112,
    "phase_std": 0.026584422817848202,
    "zero_frac": 0.026309470350513786,
    "grad_std": 0.025526853669465336,
    "chg_h": 0.02449410990322216,
    "nodal_complexity": 0.023146603656829207,
    "chg_d2": 0.02268720249097411
  },
  "cv": {
    "n_splits": 3,
    "grouped": true
  }
}