{
  "setup": "HYBRID",
  "n_samples": 3443,
  "n_features": 22,
  "features_used": [
    "freq_hz",
    "valid_px",
    "zero_frac",
    "chg_h",
    "chg_v",
    "chg_d1",
    "chg_d2",
    "grad_mean",
    "grad_std",
    "lap_mad",
    "phase_std",
    "freq_hz.1",
    "hv_ratio",
    "diag_ratio",
    "nodal_complexity",
    "grad_cv",
    "lapz",
    "dist_mode_(1,1)H",
    "dist_mode_(1,1)T",
    "dist_mode_(1,2)",
    "dist_mode_(2,1)",
    "dist_mode_higher"
  ],
  "classes": [
    "mode_(1,1)H",
    "mode_(1,1)T",
    "mode_(1,2)",
    "mode_(2,1)",
    "mode_higher",
    "other_unknown"
  ],
  "accuracy": 0.9785071158873075,
  "macro_f1": 0.9514859277036717,
  "weighted_f1": 0.9786511003269666,
  "classification_report": {
    "mode_(1,1)H": {
      "precision": 1.0,
      "recall": 0.9246231155778895,
      "f1-score": 0.9608355091383812,
      "support": 199.0
    },
    "mode_(1,1)T": {
      "precision": 0.8814432989690721,
      "recall": 1.0,
      "f1-score": 0.936986301369863,
      "support": 171.0
    },
    "mode_(1,2)": {
      "precision": 0.8240740740740741,
      "recall": 0.839622641509434,
      "f1-score": 0.8317757009345794,
      "support": 106.0
    },
    "mode_(2,1)": {
      "precision": 1.0,
      "recall": 1.0,
      "f1-score": 1.0,
      "support": 58.0
    },
    "mode_higher": {
      "precision": 1.0,
      "recall": 1.0,
      "f1-score": 1.0,
      "support": 1115.0
    },
    "other_unknown": {
      "precision": 0.9820627802690582,
      "recall": 0.9765886287625418,
      "f1-score": 0.9793180547792063,
      "support": 1794.0
    },
    "accuracy": 0.9785071158873075,
    "macro avg": {
      "precision": 0.9479300255520341,
      "recall": 0.9568057309749776,
      "f1-score": 0.9514859277036717,
      "support": 3443.0
    },
    "weighted avg": {
      "precision": 0.9793491965664401,
      "recall": 0.9785071158873075,
      "f1-score": 0.9786511003269666,
      "support": 3443.0
    }
  },
  "confusion_matrix": {
    "labels": [
      "mode_(1,1)H",
      "mode_(1,1)T",
      "mode_(1,2)",
      "mode_(2,1)",
      "mode_higher",
      "other_unknown"
    ],
    "raw": [
      [
        184,
        0,
        0,
        0,
        0,
        15
      ],
      [
        0,
        171,
        0,
        0,
        0,
        0
      ],
      [
        0,
        0,
        89,
        0,
        0,
        17
      ],
      [
        0,
        0,
        0,
        58,
        0,
        0
      ],
      [
        0,
        0,
        0,
        0,
        1115,
        0
      ],
      [
        0,
        23,
        19,
        0,
        0,
        1752
      ]
    ],
    "normalized_true": [
      [
        0.9246231155778895,
        0.0,
        0.0,
        0.0,
        0.0,
        0.07537688442211055
      ],
      [
        0.0,
        1.0,
        0.0,
        0.0,
        0.0,
        0.0
      ],
      [
        0.0,
        0.0,
        0.839622641509434,
        0.0,
        0.0,
        0.16037735849056603
      ],
      [
        0.0,
        0.0,
        0.0,
        1.0,
        0.0,
        0.0
      ],
      [
        0.0,
        0.0,
        0.0,
        0.0,
        1.0,
        0.0
      ],
      [
        0.0,
        0.01282051282051282,
        0.010590858416945374,
        0.0,
        0.0,
        0.9765886287625418
      ]
    ]
  },
  "feature_importances": {
    "dist_mode_(1,1)H": 0.1724906185246599,
    "freq_hz.1": 0.14131113689924935,
    "freq_hz": 0.1367952037817687,
    "dist_mode_(1,1)T": 0.13674651885201544,
    "dist_mode_(1,2)": 0.13116704174710406,
    "dist_mode_(2,1)": 0.12803697694271063,
    "dist_mode_higher": 0.12207051711044291,
    "valid_px": 0.004184234546307083,
    "diag_ratio": 0.003540800690115496,
    "lapz": 0.0033513787560540196,
    "lap_mad": 0.003181830165796202,
    "grad_cv": 0.002750249268153236,
    "chg_v": 0.002325641014157331,
    "chg_d1": 0.0021825882930546037,
    "grad_mean": 0.0019191126277148677,
    "zero_frac": 0.0014564242812199985,
    "nodal_complexity": 0.001372439919384702,
    "grad_std": 0.0012647981367042394,
    "chg_h": 0.0011359838356046353,
    "hv_ratio": 0.0009625408715869032,
    "phase_std": 0.0009450775329052026,
    "chg_d2": 0.0008088862032903715
  },
  "cv": {
    "n_splits": 3,
    "grouped": true
  }
}