{
  "pattern_only": {
    "accuracy": 0.9015393552134766,
    "macro_f1": 0.699138796067328,
    "accuracy_ci": [
      0.8913738019169329,
      0.9105431309904153
    ],
    "macro_f1_ci": [
      0.6671400406676862,
      0.7266250589043316
    ]
  },
  "hybrid": {
    "accuracy": 0.9785071158873075,
    "macro_f1": 0.9514859277036717,
    "accuracy_ci": [
      0.9735695614289863,
      0.9834446703456288
    ],
    "macro_f1_ci": [
      0.9396714024083428,
      0.9624075824212814
    ]
  }
}